                   01        539579898308078                       MERCHS5NL0003      S5NL0003                                                              5                         002100030                                                           220522              220522      866814610499                                                                                                                       6011        10    MC                   00000000000000003943000000000000000000000                                                                                                                   839486                                       00   012                                             1                                                                                                                                                                                                                                                                                                                                                                                                                                                                                                                                                                                                                                                                                                                                                                                                                                                                                                                                                                                                                                                                                                                                                                                                                                                                                                                                                                                                                                                                                                                                                                                                                                                                                                                                                                                                                                                                                                                                                                               
                   01        554994676847340                       MERCHS5NL0005      S5NL0005                                                              5                         002100030                                                           220522              220522      866814610500                                                                                                                       5999        10    MC                   00000000000000003941000000000000000000000                                                                                                                   395152                                       00   012                                             1                                                                                                                                                                                                                                                                                                                                                                                                                                                                                                                                                                                                                                                                                                                                                                                                                                                                                                                                                                                                                                                                                                                                                                                                                                                                                                                                                                                                                                                                                                                                                                                                                                                                                                                                                                                                                                                                                                                                                                               
                   01        523475184094810                       MERCHS5NL0004      S5NL0004                                                              5                         002100030                                                           220522              220522      866814610501                                                                                                                       5999        10    MC                   00000000000000001088000000000000000000000                                                                                                                   977805                                       00   012                                             1                                                                                                                                                                                                                                                                                                                                                                                                                                                                                                                                                                                                                                                                                                                                                                                                                                                                                                                                                                                                                                                                                                                                                                                                                                                                                                                                                                                                                                                                                                                                                                                                                                                                                                                                                                                                                                                                                                                                                                               
                   01        526959476172109                       MERCHS5NL0002      S5NL0002                                                              5                         002100030                                                           220522              220522      866814610502                                                                                                                       5411        10    MC                   00000000000000004315000000000000000000000                                                                                                                   248663                                       00   012                                             1                                                                                                                                                                                                                                                                                                                                                                                                                                                                                                                                                                                                                                                                                                                                                                                                                                                                                                                                                                                                                                                                                                                                                                                                                                                                                                                                                                                                                                                                                                                                                                                                                                                                                                                                                                                                                                                                                                                                                                               
                   01        547065285867916                       MERCHS5NL0001      S5NL0001                                                              5                         002100030                                                           220522              220522      866814610503                                                                                                                       4814        10    MC                   00000000000000004520000000000000000000000                                                                                                                   600495                                       00   012                                             1                                                                                                                                                                                                                                                                                                                                                                                                                                                                                                                                                                                                                                                                                                                                                                                                                                                                                                                                                                                                                                                                                                                                                                                                                                                                                                                                                                                                                                                                                                                                                                                                                                                                                                                                                                                                                                                                                                                                                                               
                   01        516465047207349                       MERCHS5NL0003      S5NL0003                                                              5                         002100030                                                           220522              220522      866814610504                                                                                                                       6011        10    MC                   00000000000000003707000000000000000000000                                                                                                                   000044                                       00   012                                             1                                                                                                                                                                                                                                                                                                                                                                                                                                                                                                                                                                                                                                                                                                                                                                                                                                                                                                                                                                                                                                                                                                                                                                                                                                                                                                                                                                                                                                                                                                                                                                                                                                                                                                                                                                                                                                                                                                                                                                               
                   01        542018368397388                       MERCHS5NL0004      S5NL0004                                                              5                         002100030                                                           220522              220522      866814610505                                                                                                                       4814        10    MC                   00000000000000004628000000000000000000000                                                                                                                   926452                                       00   012                                             1                                                                                                                                                                                                                                                                                                                                                                                                                                                                                                                                                                                                                                                                                                                                                                                                                                                                                                                                                                                                                                                                                                                                                                                                                                                                                                                                                                                                                                                                                                                                                                                                                                                                                                                                                                                                                                                                                                                                                                               
                   01        516642559048632                       MERCHS5NL0002      S5NL0002                                                              5                         002100030                                                           220522              220522      866814610506                                                                                                                       5411        10    MC                   00000000000000003882000000000000000000000                                                                                                                   685145                                       00   012                                             1                                                                                                                                                                                                                                                                                                                                                                                                                                                                                                                                                                                                                                                                                                                                                                                                                                                                                                                                                                                                                                                                                                                                                                                                                                                                                                                                                                                                                                                                                                                                                                                                                                                                                                                                                                                                                                                                                                                                                                               
                   01        522497795857177                       MERCHS5NL0001      S5NL0001                                                              5                         002100030                                                           220522              220522      866814610507                                                                                                                       4814        10    MC                   00000000000000003283000000000000000000000                                                                                                                   996981                                       00   012                                             1                                                                                                                                                                                                                                                                                                                                                                                                                                                                                                                                                                                                                                                                                                                                                                                                                                                                                                                                                                                                                                                                                                                                                                                                                                                                                                                                                                                                                                                                                                                                                                                                                                                                                                                                                                                                                                                                                                                                                                               
                   01        551772863343529                       MERCHS5NL0001      S5NL0001                                                              5                         002100030                                                           220522              220522      866814610508                                                                                                                       5999        10    MC                   00000000000000004210000000000000000000000                                                                                                                   107449                                       00   012                                             1                                                                                                                                                                                                                                                                                                                                                                                                                                                                                                                                                                                                                                                                                                                                                                                                                                                                                                                                                                                                                                                                                                                                                                                                                                                                                                                                                                                                                                                                                                                                                                                                                                                                                                                                                                                                                                                                                                                                                                               
                   01        559176227025476                       MERCHS5NL0001      S5NL0001                                                              5                         002100030                                                           220522              220522      866814610509                                                                                                                       4814        10    MC                   00000000000000001007000000000000000000000                                                                                                                   273193                                       00   012                                             1                                                                                                                                                                                                                                                                                                                                                                                                                                                                                                                                                                                                                                                                                                                                                                                                                                                                                                                                                                                                                                                                                                                                                                                                                                                                                                                                                                                                                                                                                                                                                                                                                                                                                                                                                                                                                                                                                                                                                                               
                   01        537864057993984                       MERCHS5NL0002      S5NL0002                                                              5                         002100030                                                           220522              220522      866814610510                                                                                                                       5999        10    MC                   00000000000000001960000000000000000000000                                                                                                                   060911                                       00   012                                             1                                                                                                                                                                                                                                                                                                                                                                                                                                                                                                                                                                                                                                                                                                                                                                                                                                                                                                                                                                                                                                                                                                                                                                                                                                                                                                                                                                                                                                                                                                                                                                                                                                                                                                                                                                                                                                                                                                                                                                               
                   01        546327815297800                       MERCHS5NL0002      S5NL0002                                                              5                         002100030                                                           220522              220522      866814610511                                                                                                                       5411        10    MC                   00000000000000004739000000000000000000000                                                                                                                   501281                                       00   012                                             1                                                                                                                                                                                                                                                                                                                                                                                                                                                                                                                                                                                                                                                                                                                                                                                                                                                                                                                                                                                                                                                                                                                                                                                                                                                                                                                                                                                                                                                                                                                                                                                                                                                                                                                                                                                                                                                                                                                                                                               
                   01        529103242874521                       MERCHS5NL0004      S5NL0004                                                              5                         002100030                                                           220522              220522      866814610512                                                                                                                       4722        10    MC                   00000000000000004394000000000000000000000                                                                                                                   028050                                       00   012                                             1                                                                                                                                                                                                                                                                                                                                                                                                                                                                                                                                                                                                                                                                                                                                                                                                                                                                                                                                                                                                                                                                                                                                                                                                                                                                                                                                                                                                                                                                                                                                                                                                                                                                                                                                                                                                                                                                                                                                                                               
                   01        552430022293950                       MERCHS5NL0002      S5NL0002                                                              5                         002100030                                                           220522              220522      866814610513                                                                                                                       5999        10    MC                   00000000000000003048000000000000000000000                                                                                                                   258355                                       00   012                                             1                                                                                                                                                                                                                                                                                                                                                                                                                                                                                                                                                                                                                                                                                                                                                                                                                                                                                                                                                                                                                                                                                                                                                                                                                                                                                                                                                                                                                                                                                                                                                                                                                                                                                                                                                                                                                                                                                                                                                                               
                   01        553418123808638                       MERCHS5NL0006      S5NL0006                                                              5                         002100030                                                           220522              220522      866814610514                                                                                                                       4814        10    MC                   00000000000000004029000000000000000000000                                                                                                                   478250                                       00   012                                             1                                                                                                                                                                                                                                                                                                                                                                                                                                                                                                                                                                                                                                                                                                                                                                                                                                                                                                                                                                                                                                                                                                                                                                                                                                                                                                                                                                                                                                                                                                                                                                                                                                                                                                                                                                                                                                                                                                                                                                               
                   01        536122516425179                       MERCHS5NL0006      S5NL0006                                                              5                         002100030                                                           220522              220522      866814610515                                                                                                                       5999        10    MC                   00000000000000001640000000000000000000000                                                                                                                   207643                                       00   012                                             1                                                                                                                                                                                                                                                                                                                                                                                                                                                                                                                                                                                                                                                                                                                                                                                                                                                                                                                                                                                                                                                                                                                                                                                                                                                                                                                                                                                                                                                                                                                                                                                                                                                                                                                                                                                                                                                                                                                                                                               
                   01        512325631450437                       MERCHS5NL0006      S5NL0006                                                              5                         002100030                                                           220522              220522      866814610516                                                                                                                       6011        10    MC                   00000000000000001899000000000000000000000                                                                                                                   383503                                       00   012                                             1                                                                                                                                                                                                                                                                                                                                                                                                                                                                                                                                                                                                                                                                                                                                                                                                                                                                                                                                                                                                                                                                                                                                                                                                                                                                                                                                                                                                                                                                                                                                                                                                                                                                                                                                                                                                                                                                                                                                                                               
                   01        539696519216215                       MERCHS5NL0006      S5NL0006                                                              5                         002100030                                                           220522              220522      866814610517                                                                                                                       5812        10    MC                   00000000000000002393000000000000000000000                                                                                                                   055085                                       00   012                                             1                                                                                                                                                                                                                                                                                                                                                                                                                                                                                                                                                                                                                                                                                                                                                                                                                                                                                                                                                                                                                                                                                                                                                                                                                                                                                                                                                                                                                                                                                                                                                                                                                                                                                                                                                                                                                                                                                                                                                                               
                   01        535614556150085                       MERCHS5NL0001      S5NL0001                                                              5                         002100030                                                           220522              220522      866814610518                                                                                                                       4814        10    MC                   00000000000000003654000000000000000000000                                                                                                                   576789                                       00   012                                             1                                                                                                                                                                                                                                                                                                                                                                                                                                                                                                                                                                                                                                                                                                                                                                                                                                                                                                                                                                                                                                                                                                                                                                                                                                                                                                                                                                                                                                                                                                                                                                                                                                                                                                                                                                                                                                                                                                                                                                               
                   01        537500379833511                       MERCHS5NL0006      S5NL0006                                                              5                         002100030                                                           220522              220522      866814610519                                                                                                                       4722        10    MC                   00000000000000001596000000000000000000000                                                                                                                   936887                                       00   012                                             1                                                                                                                                                                                                                                                                                                                                                                                                                                                                                                                                                                                                                                                                                                                                                                                                                                                                                                                                                                                                                                                                                                                                                                                                                                                                                                                                                                                                                                                                                                                                                                                                                                                                                                                                                                                                                                                                                                                                                                               
                   01        547613847544219                       MERCHS5NL0005      S5NL0005                                                              5                         002100030                                                           220522              220522      866814610520                                                                                                                       5812        10    MC                   00000000000000002111000000000000000000000                                                                                                                   824235                                       00   012                                             1                                                                                                                                                                                                                                                                                                                                                                                                                                                                                                                                                                                                                                                                                                                                                                                                                                                                                                                                                                                                                                                                                                                                                                                                                                                                                                                                                                                                                                                                                                                                                                                                                                                                                                                                                                                                                                                                                                                                                                               
                   01        525008381221729                       MERCHS5NL0004      S5NL0004                                                              5                         002100030                                                           220522              220522      866814610521                                                                                                                       6011        10    MC                   00000000000000003014000000000000000000000                                                                                                                   974536                                       00   012                                             1                                                                                                                                                                                                                                                                                                                                                                                                                                                                                                                                                                                                                                                                                                                                                                                                                                                                                                                                                                                                                                                                                                                                                                                                                                                                                                                                                                                                                                                                                                                                                                                                                                                                                                                                                                                                                                                                                                                                                                               
                   01        545989789421798                       MERCHS5NL0002      S5NL0002                                                              5                         002100030                                                           220522              220522      866814610522                                                                                                                       4722        10    MC                   00000000000000003458000000000000000000000                                                                                                                   236455                                       00   012                                             1                                                                                                                                                                                                                                                                                                                                                                                                                                                                                                                                                                                                                                                                                                                                                                                                                                                                                                                                                                                                                                                                                                                                                                                                                                                                                                                                                                                                                                                                                                                                                                                                                                                                                                                                                                                                                                                                                                                                                                               
                   01        532476956321609                       MERCHS5NL0005      S5NL0005                                                              5                         002100030                                                           220522              220522      866814610523                                                                                                                       5999        10    MC                   00000000000000002524000000000000000000000                                                                                                                   865649                                       00   012                                             1                                                                                                                                                                                                                                                                                                                                                                                                                                                                                                                                                                                                                                                                                                                                                                                                                                                                                                                                                                                                                                                                                                                                                                                                                                                                                                                                                                                                                                                                                                                                                                                                                                                                                                                                                                                                                                                                                                                                                                               
                   01        531810616507166                       MERCHS5NL0004      S5NL0004                                                              5                         002100030                                                           220522              220522      866814610524                                                                                                                       5999        10    MC                   00000000000000003054000000000000000000000                                                                                                                   722915                                       00   012                                             1                                                                                                                                                                                                                                                                                                                                                                                                                                                                                                                                                                                                                                                                                                                                                                                                                                                                                                                                                                                                                                                                                                                                                                                                                                                                                                                                                                                                                                                                                                                                                                                                                                                                                                                                                                                                                                                                                                                                                                               
                   01        518491458985805                       MERCHS5NL0001      S5NL0001                                                              5                         002100030                                                           220522              220522      866814610525                                                                                                                       4722        10    MC                   00000000000000001544000000000000000000000                                                                                                                   880093                                       00   012                                             1                                                                                                                                                                                                                                                                                                                                                                                                                                                                                                                                                                                                                                                                                                                                                                                                                                                                                                                                                                                                                                                                                                                                                                                                                                                                                                                                                                                                                                                                                                                                                                                                                                                                                                                                                                                                                                                                                                                                                                               
                   01        523328023115645                       MERCHS5NL0003      S5NL0003                                                              5                         002100030                                                           220522              220522      866814610526                                                                                                                       4722        10    MC                   00000000000000004525000000000000000000000                                                                                                                   896097                                       00   012                                             1                                                                                                                                                                                                                                                                                                                                                                                                                                                                                                                                                                                                                                                                                                                                                                                                                                                                                                                                                                                                                                                                                                                                                                                                                                                                                                                                                                                                                                                                                                                                                                                                                                                                                                                                                                                                                                                                                                                                                                               
                   01        531572989451048                       MERCHS5NL0005      S5NL0005                                                              5                         002100030                                                           220522              220522      866814610527                                                                                                                       4722        10    MC                   00000000000000002564000000000000000000000                                                                                                                   080444                                       00   012                                             1                                                                                                                                                                                                                                                                                                                                                                                                                                                                                                                                                                                                                                                                                                                                                                                                                                                                                                                                                                                                                                                                                                                                                                                                                                                                                                                                                                                                                                                                                                                                                                                                                                                                                                                                                                                                                                                                                                                                                                               
                   01        558745064011526                       MERCHS5NL0005      S5NL0005                                                              5                         002100030                                                           220522              220522      866814610528                                                                                                                       4722        10    MC                   00000000000000001304000000000000000000000                                                                                                                   411306                                       00   012                                             1                                                                                                                                                                                                                                                                                                                                                                                                                                                                                                                                                                                                                                                                                                                                                                                                                                                                                                                                                                                                                                                                                                                                                                                                                                                                                                                                                                                                                                                                                                                                                                                                                                                                                                                                                                                                                                                                                                                                                                               
                   01        546214199385527                       MERCHS5NL0003      S5NL0003                                                              5                         002100030                                                           220522              220522      866814610529                                                                                                                       4814        10    MC                   00000000000000002637000000000000000000000                                                                                                                   077167                                       00   012                                             1                                                                                                                                                                                                                                                                                                                                                                                                                                                                                                                                                                                                                                                                                                                                                                                                                                                                                                                                                                                                                                                                                                                                                                                                                                                                                                                                                                                                                                                                                                                                                                                                                                                                                                                                                                                                                                                                                                                                                                               
                   01        527038639627044                       MERCHS5NL0006      S5NL0006                                                              5                         002100030                                                           220522              220522      866814610530                                                                                                                       5812        10    MC                   00000000000000002281000000000000000000000                                                                                                                   905123                                       00   012                                             1                                                                                                                                                                                                                                                                                                                                                                                                                                                                                                                                                                                                                                                                                                                                                                                                                                                                                                                                                                                                                                                                                                                                                                                                                                                                                                                                                                                                                                                                                                                                                                                                                                                                                                                                                                                                                                                                                                                                                                               
                   01        533312667999944                       MERCHS5NL0004      S5NL0004                                                              5                         002100030                                                           220522              220522      866814610531                                                                                                                       5411        10    MC                   00000000000000002436000000000000000000000                                                                                                                   552857                                       00   012                                             1                                                                                                                                                                                                                                                                                                                                                                                                                                                                                                                                                                                                                                                                                                                                                                                                                                                                                                                                                                                                                                                                                                                                                                                                                                                                                                                                                                                                                                                                                                                                                                                                                                                                                                                                                                                                                                                                                                                                                                               
                   01        533936424864504                       MERCHS5NL0005      S5NL0005                                                              5                         002100030                                                           220522              220522      866814610532                                                                                                                       5411        10    MC                   00000000000000004684000000000000000000000                                                                                                                   734656                                       00   012                                             1                                                                                                                                                                                                                                                                                                                                                                                                                                                                                                                                                                                                                                                                                                                                                                                                                                                                                                                                                                                                                                                                                                                                                                                                                                                                                                                                                                                                                                                                                                                                                                                                                                                                                                                                                                                                                                                                                                                                                                               
                   01        513043318074606                       MERCHS5NL0002      S5NL0002                                                              5                         002100030                                                           220522              220522      866814610533                                                                                                                       4814        10    MC                   00000000000000004525000000000000000000000                                                                                                                   052767                                       00   012                                             1                                                                                                                                                                                                                                                                                                                                                                                                                                                                                                                                                                                                                                                                                                                                                                                                                                                                                                                                                                                                                                                                                                                                                                                                                                                                                                                                                                                                                                                                                                                                                                                                                                                                                                                                                                                                                                                                                                                                                                               
                   01        559191016856182                       MERCHS5NL0004      S5NL0004                                                              5                         002100030                                                           220522              220522      866814610534                                                                                                                       6011        10    MC                   00000000000000004506000000000000000000000                                                                                                                   363412                                       00   012                                             1                                                                                                                                                                                                                                                                                                                                                                                                                                                                                                                                                                                                                                                                                                                                                                                                                                                                                                                                                                                                                                                                                                                                                                                                                                                                                                                                                                                                                                                                                                                                                                                                                                                                                                                                                                                                                                                                                                                                                                               
                   01        525795662893557                       MERCHS5NL0004      S5NL0004                                                              5                         002100030                                                           220522              220522      866814610535                                                                                                                       4814        10    MC                   00000000000000004306000000000000000000000                                                                                                                   801196                                       00   012                                             1                                                                                                                                                                                                                                                                                                                                                                                                                                                                                                                                                                                                                                                                                                                                                                                                                                                                                                                                                                                                                                                                                                                                                                                                                                                                                                                                                                                                                                                                                                                                                                                                                                                                                                                                                                                                                                                                                                                                                                               
                   01        525870659506808                       MERCHS5NL0001      S5NL0001                                                              5                         002100030                                                           220522              220522      866814610536                                                                                                                       4814        10    MC                   00000000000000001721000000000000000000000                                                                                                                   827059                                       00   012                                             1                                                                                                                                                                                                                                                                                                                                                                                                                                                                                                                                                                                                                                                                                                                                                                                                                                                                                                                                                                                                                                                                                                                                                                                                                                                                                                                                                                                                                                                                                                                                                                                                                                                                                                                                                                                                                                                                                                                                                                               
                   01        534389781475664                       MERCHS5NL0005      S5NL0005                                                              5                         002100030                                                           220522              220522      866814610537                                                                                                                       5812        10    MC                   00000000000000003074000000000000000000000                                                                                                                   603192                                       00   012                                             1                                                                                                                                                                                                                                                                                                                                                                                                                                                                                                                                                                                                                                                                                                                                                                                                                                                                                                                                                                                                                                                                                                                                                                                                                                                                                                                                                                                                                                                                                                                                                                                                                                                                                                                                                                                                                                                                                                                                                                               
                   01        553029008272087                       MERCHS5NL0004      S5NL0004                                                              5                         002100030                                                           220522              220522      866814610538                                                                                                                       5999        10    MC                   00000000000000001303000000000000000000000                                                                                                                   400400                                       00   012                                             1                                                                                                                                                                                                                                                                                                                                                                                                                                                                                                                                                                                                                                                                                                                                                                                                                                                                                                                                                                                                                                                                                                                                                                                                                                                                                                                                                                                                                                                                                                                                                                                                                                                                                                                                                                                                                                                                                                                                                                               
                   01        555454849954149                       MERCHS5NL0002      S5NL0002                                                              5                         002100030                                                           220522              220522      866814610539                                                                                                                       4814        10    MC                   00000000000000002826000000000000000000000                                                                                                                   345757                                       00   012                                             1                                                                                                                                                                                                                                                                                                                                                                                                                                                                                                                                                                                                                                                                                                                                                                                                                                                                                                                                                                                                                                                                                                                                                                                                                                                                                                                                                                                                                                                                                                                                                                                                                                                                                                                                                                                                                                                                                                                                                                               
                   01        559196767660048                       MERCHS5NL0005      S5NL0005                                                              5                         002100030                                                           220522              220522      866814610540                                                                                                                       5812        10    MC                   00000000000000004169000000000000000000000                                                                                                                   298856                                       00   012                                             1                                                                                                                                                                                                                                                                                                                                                                                                                                                                                                                                                                                                                                                                                                                                                                                                                                                                                                                                                                                                                                                                                                                                                                                                                                                                                                                                                                                                                                                                                                                                                                                                                                                                                                                                                                                                                                                                                                                                                                               
                   01        554693894765056                       MERCHS5NL0001      S5NL0001                                                              5                         002100030                                                           220522              220522      866814610541                                                                                                                       4814        10    MC                   00000000000000002410000000000000000000000                                                                                                                   136483                                       00   012                                             1                                                                                                                                                                                                                                                                                                                                                                                                                                                                                                                                                                                                                                                                                                                                                                                                                                                                                                                                                                                                                                                                                                                                                                                                                                                                                                                                                                                                                                                                                                                                                                                                                                                                                                                                                                                                                                                                                                                                                                               
                   01        545834706253659                       MERCHS5NL0001      S5NL0001                                                              5                         002100030                                                           220522              220522      866814610542                                                                                                                       5812        10    MC                   00000000000000002235000000000000000000000                                                                                                                   784409                                       00   012                                             1                                                                                                                                                                                                                                                                                                                                                                                                                                                                                                                                                                                                                                                                                                                                                                                                                                                                                                                                                                                                                                                                                                                                                                                                                                                                                                                                                                                                                                                                                                                                                                                                                                                                                                                                                                                                                                                                                                                                                                               
                   01        554195602707965                       MERCHS5NL0006      S5NL0006                                                              5                         002100030                                                           220522              220522      866814610543                                                                                                                       4722        10    MC                   00000000000000003306000000000000000000000                                                                                                                   305375                                       00   012                                             1                                                                                                                                                                                                                                                                                                                                                                                                                                                                                                                                                                                                                                                                                                                                                                                                                                                                                                                                                                                                                                                                                                                                                                                                                                                                                                                                                                                                                                                                                                                                                                                                                                                                                                                                                                                                                                                                                                                                                                               
                   01        557247114108319                       MERCHS5NL0002      S5NL0002                                                              5                         002100030                                                           220522              220522      866814610544                                                                                                                       5411        10    MC                   00000000000000004987000000000000000000000                                                                                                                   277138                                       00   012                                             1                                                                                                                                                                                                                                                                                                                                                                                                                                                                                                                                                                                                                                                                                                                                                                                                                                                                                                                                                                                                                                                                                                                                                                                                                                                                                                                                                                                                                                                                                                                                                                                                                                                                                                                                                                                                                                                                                                                                                                               
                   01        550993099427399                       MERCHS5NL0003      S5NL0003                                                              5                         002100030                                                           220522              220522      866814610545                                                                                                                       5999        10    MC                   00000000000000001442000000000000000000000                                                                                                                   368374                                       00   012                                             1                                                                                                                                                                                                                                                                                                                                                                                                                                                                                                                                                                                                                                                                                                                                                                                                                                                                                                                                                                                                                                                                                                                                                                                                                                                                                                                                                                                                                                                                                                                                                                                                                                                                                                                                                                                                                                                                                                                                                                               
                   01        528725345777920                       MERCHS5NL0002      S5NL0002                                                              5                         002100030                                                           220522              220522      866814610546                                                                                                                       5812        10    MC                   00000000000000001645000000000000000000000                                                                                                                   598094                                       00   012                                             1                                                                                                                                                                                                                                                                                                                                                                                                                                                                                                                                                                                                                                                                                                                                                                                                                                                                                                                                                                                                                                                                                                                                                                                                                                                                                                                                                                                                                                                                                                                                                                                                                                                                                                                                                                                                                                                                                                                                                                               
                   01        547842537398122                       MERCHS5NL0003      S5NL0003                                                              5                         002100030                                                           220522              220522      866814610547                                                                                                                       5999        10    MC                   00000000000000004360000000000000000000000                                                                                                                   461648                                       00   012                                             1                                                                                                                                                                                                                                                                                                                                                                                                                                                                                                                                                                                                                                                                                                                                                                                                                                                                                                                                                                                                                                                                                                                                                                                                                                                                                                                                                                                                                                                                                                                                                                                                                                                                                                                                                                                                                                                                                                                                                                               
                   01        530887927890976                       MERCHS5NL0005      S5NL0005                                                              5                         002100030                                                           220522              220522      866814610548                                                                                                                       4814        10    MC                   00000000000000003192000000000000000000000                                                                                                                   267747                                       00   012                                             1                                                                                                                                                                                                                                                                                                                                                                                                                                                                                                                                                                                                                                                                                                                                                                                                                                                                                                                                                                                                                                                                                                                                                                                                                                                                                                                                                                                                                                                                                                                                                                                                                                                                                                                                                                                                                                                                                                                                                                               
                   01        458542662674260                       MERCHS5NL0005      S5NL0005                                                              5                         002100030                                                           220522              220522      705147478129                                                                                                                       5999        10    VI                   00000000000000001104000000000000000000000                                                                                                                   257236                                       00   012                                             1                                                                                                                                                                                                                                                                                                                                                                                                                                                                                                                                                                                                                                                                                                                                                                                                                                                                                                                                                                                                                                                                                                                                                                                                                                                                                                                                                                                                                                                                                                                                                                                                                                                                                                                                                                                                                                                                                                                                                                               
                   01        460027581943892                       MERCHS5NL0004      S5NL0004                                                              5                         002100030                                                           220522              220522      705147478130                                                                                                                       4722        10    VI                   00000000000000001580000000000000000000000                                                                                                                   033946                                       00   012                                             1                                                                                                                                                                                                                                                                                                                                                                                                                                                                                                                                                                                                                                                                                                                                                                                                                                                                                                                                                                                                                                                                                                                                                                                                                                                                                                                                                                                                                                                                                                                                                                                                                                                                                                                                                                                                                                                                                                                                                                               
                   01        477513639838667                       MERCHS5NL0004      S5NL0004                                                              5                         002100030                                                           220522              220522      705147478131                                                                                                                       5411        10    VI                   00000000000000002611000000000000000000000                                                                                                                   404828                                       00   012                                             1                                                                                                                                                                                                                                                                                                                                                                                                                                                                                                                                                                                                                                                                                                                                                                                                                                                                                                                                                                                                                                                                                                                                                                                                                                                                                                                                                                                                                                                                                                                                                                                                                                                                                                                                                                                                                                                                                                                                                                               
                   01        416282587587448                       MERCHS5NL0006      S5NL0006                                                              5                         002100030                                                           220522              220522      705147478132                                                                                                                       6011        10    VI                   00000000000000004117000000000000000000000                                                                                                                   281464                                       00   012                                             1                                                                                                                                                                                                                                                                                                                                                                                                                                                                                                                                                                                                                                                                                                                                                                                                                                                                                                                                                                                                                                                                                                                                                                                                                                                                                                                                                                                                                                                                                                                                                                                                                                                                                                                                                                                                                                                                                                                                                                               
                   01        465726847371397                       MERCHS5NL0006      S5NL0006                                                              5                         002100030                                                           220522              220522      705147478133                                                                                                                       5812        10    VI                   00000000000000001596000000000000000000000                                                                                                                   457304                                       00   012                                             1                                                                                                                                                                                                                                                                                                                                                                                                                                                                                                                                                                                                                                                                                                                                                                                                                                                                                                                                                                                                                                                                                                                                                                                                                                                                                                                                                                                                                                                                                                                                                                                                                                                                                                                                                                                                                                                                                                                                                                               
                   01        432535998429173                       MERCHS5NL0003      S5NL0003                                                              5                         002100030                                                           220522              220522      705147478134                                                                                                                       5411        10    VI                   00000000000000003122000000000000000000000                                                                                                                   724123                                       00   012                                             1                                                                                                                                                                                                                                                                                                                                                                                                                                                                                                                                                                                                                                                                                                                                                                                                                                                                                                                                                                                                                                                                                                                                                                                                                                                                                                                                                                                                                                                                                                                                                                                                                                                                                                                                                                                                                                                                                                                                                                               
                   01        423427364645603                       MERCHS5NL0002      S5NL0002                                                              5                         002100030                                                           220522              220522      705147478135                                                                                                                       4722        10    VI                   00000000000000002325000000000000000000000                                                                                                                   332065                                       00   012                                             1                                                                                                                                                                                                                                                                                                                                                                                                                                                                                                                                                                                                                                                                                                                                                                                                                                                                                                                                                                                                                                                                                                                                                                                                                                                                                                                                                                                                                                                                                                                                                                                                                                                                                                                                                                                                                                                                                                                                                                               
                   01        498930665598970                       MERCHS5NL0001      S5NL0001                                                              5                         002100030                                                           220522              220522      705147478136                                                                                                                       6011        10    VI                   00000000000000004039000000000000000000000                                                                                                                   354293                                       00   012                                             1                                                                                                                                                                                                                                                                                                                                                                                                                                                                                                                                                                                                                                                                                                                                                                                                                                                                                                                                                                                                                                                                                                                                                                                                                                                                                                                                                                                                                                                                                                                                                                                                                                                                                                                                                                                                                                                                                                                                                                               
                   01        464297781807750                       MERCHS5NL0002      S5NL0002                                                              5                         002100030                                                           220522              220522      705147478137                                                                                                                       5999        10    VI                   00000000000000001261000000000000000000000                                                                                                                   190541                                       00   012                                             1                                                                                                                                                                                                                                                                                                                                                                                                                                                                                                                                                                                                                                                                                                                                                                                                                                                                                                                                                                                                                                                                                                                                                                                                                                                                                                                                                                                                                                                                                                                                                                                                                                                                                                                                                                                                                                                                                                                                                                               
                   01        457982149576326                       MERCHS5NL0001      S5NL0001                                                              5                         002100030                                                           220522              220522      705147478138                                                                                                                       5812        10    VI                   00000000000000003849000000000000000000000                                                                                                                   280517                                       00   012                                             1                                                                                                                                                                                                                                                                                                                                                                                                                                                                                                                                                                                                                                                                                                                                                                                                                                                                                                                                                                                                                                                                                                                                                                                                                                                                                                                                                                                                                                                                                                                                                                                                                                                                                                                                                                                                                                                                                                                                                                               
                   01        400144993809260                       MERCHS5NL0005      S5NL0005                                                              5                         002100030                                                           220522              220522      705147478139                                                                                                                       4722        10    VI                   00000000000000002651000000000000000000000                                                                                                                   960277                                       00   012                                             1                                                                                                                                                                                                                                                                                                                                                                                                                                                                                                                                                                                                                                                                                                                                                                                                                                                                                                                                                                                                                                                                                                                                                                                                                                                                                                                                                                                                                                                                                                                                                                                                                                                                                                                                                                                                                                                                                                                                                                               
                   01        467675594544952                       MERCHS5NL0001      S5NL0001                                                              5                         002100030                                                           220522              220522      705147478140                                                                                                                       5812        10    VI                   00000000000000004868000000000000000000000                                                                                                                   498771                                       00   012                                             1                                                                                                                                                                                                                                                                                                                                                                                                                                                                                                                                                                                                                                                                                                                                                                                                                                                                                                                                                                                                                                                                                                                                                                                                                                                                                                                                                                                                                                                                                                                                                                                                                                                                                                                                                                                                                                                                                                                                                                               
                   01        496451366725220                       MERCHS5NL0006      S5NL0006                                                              5                         002100030                                                           220522              220522      705147478141                                                                                                                       5999        10    VI                   00000000000000001218000000000000000000000                                                                                                                   834770                                       00   012                                             1                                                                                                                                                                                                                                                                                                                                                                                                                                                                                                                                                                                                                                                                                                                                                                                                                                                                                                                                                                                                                                                                                                                                                                                                                                                                                                                                                                                                                                                                                                                                                                                                                                                                                                                                                                                                                                                                                                                                                                               
                   01        431914571551574                       MERCHS5NL0001      S5NL0001                                                              5                         002100030                                                           220522              220522      705147478142                                                                                                                       6011        10    VI                   00000000000000001804000000000000000000000                                                                                                                   864354                                       00   012                                             1                                                                                                                                                                                                                                                                                                                                                                                                                                                                                                                                                                                                                                                                                                                                                                                                                                                                                                                                                                                                                                                                                                                                                                                                                                                                                                                                                                                                                                                                                                                                                                                                                                                                                                                                                                                                                                                                                                                                                                               
                   01        419648145895335                       MERCHS5NL0005      S5NL0005                                                              5                         002100030                                                           220522              220522      705147478143                                                                                                                       5999        10    VI                   00000000000000004935000000000000000000000                                                                                                                   416121                                       00   012                                             1                                                                                                                                                                                                                                                                                                                                                                                                                                                                                                                                                                                                                                                                                                                                                                                                                                                                                                                                                                                                                                                                                                                                                                                                                                                                                                                                                                                                                                                                                                                                                                                                                                                                                                                                                                                                                                                                                                                                                                               
                   01        479491665687624                       MERCHS5NL0004      S5NL0004                                                              5                         002100030                                                           220522              220522      705147478144                                                                                                                       4814        10    VI                   00000000000000001564000000000000000000000                                                                                                                   616456                                       00   012                                             1                                                                                                                                                                                                                                                                                                                                                                                                                                                                                                                                                                                                                                                                                                                                                                                                                                                                                                                                                                                                                                                                                                                                                                                                                                                                                                                                                                                                                                                                                                                                                                                                                                                                                                                                                                                                                                                                                                                                                                               
                   01        420252762881254                       MERCHS5NL0004      S5NL0004                                                              5                         002100030                                                           220522              220522      705147478145                                                                                                                       5411        10    VI                   00000000000000002703000000000000000000000                                                                                                                   239930                                       00   012                                             1                                                                                                                                                                                                                                                                                                                                                                                                                                                                                                                                                                                                                                                                                                                                                                                                                                                                                                                                                                                                                                                                                                                                                                                                                                                                                                                                                                                                                                                                                                                                                                                                                                                                                                                                                                                                                                                                                                                                                                               
                   01        461459181414974                       MERCHS5NL0001      S5NL0001                                                              5                         002100030                                                           220522              220522      705147478146                                                                                                                       4814        10    VI                   00000000000000004285000000000000000000000                                                                                                                   223090                                       00   012                                             1                                                                                                                                                                                                                                                                                                                                                                                                                                                                                                                                                                                                                                                                                                                                                                                                                                                                                                                                                                                                                                                                                                                                                                                                                                                                                                                                                                                                                                                                                                                                                                                                                                                                                                                                                                                                                                                                                                                                                                               
                   01        434656504001374                       MERCHS5NL0004      S5NL0004                                                              5                         002100030                                                           220522              220522      705147478147                                                                                                                       5411        10    VI                   00000000000000002326000000000000000000000                                                                                                                   511720                                       00   012                                             1                                                                                                                                                                                                                                                                                                                                                                                                                                                                                                                                                                                                                                                                                                                                                                                                                                                                                                                                                                                                                                                                                                                                                                                                                                                                                                                                                                                                                                                                                                                                                                                                                                                                                                                                                                                                                                                                                                                                                                               
                   01        477701860247562                       MERCHS5NL0006      S5NL0006                                                              5                         002100030                                                           220522              220522      705147478148                                                                                                                       6011        10    VI                   00000000000000004726000000000000000000000                                                                                                                   896376                                       00   012                                             1                                                                                                                                                                                                                                                                                                                                                                                                                                                                                                                                                                                                                                                                                                                                                                                                                                                                                                                                                                                                                                                                                                                                                                                                                                                                                                                                                                                                                                                                                                                                                                                                                                                                                                                                                                                                                                                                                                                                                                               
                   01        429984533059165                       MERCHS5NL0005      S5NL0005                                                              5                         002100030                                                           220522              220522      705147478149                                                                                                                       5411        10    VI                   00000000000000001549000000000000000000000                                                                                                                   457751                                       00   012                                             1                                                                                                                                                                                                                                                                                                                                                                                                                                                                                                                                                                                                                                                                                                                                                                                                                                                                                                                                                                                                                                                                                                                                                                                                                                                                                                                                                                                                                                                                                                                                                                                                                                                                                                                                                                                                                                                                                                                                                                               
                   01        486293908882740                       MERCHS5NL0003      S5NL0003                                                              5                         002100030                                                           220522              220522      705147478150                                                                                                                       5999        10    VI                   00000000000000001744000000000000000000000                                                                                                                   503453                                       00   012                                             1                                                                                                                                                                                                                                                                                                                                                                                                                                                                                                                                                                                                                                                                                                                                                                                                                                                                                                                                                                                                                                                                                                                                                                                                                                                                                                                                                                                                                                                                                                                                                                                                                                                                                                                                                                                                                                                                                                                                                                               
                   01        488073545060065                       MERCHS5NL0004      S5NL0004                                                              5                         002100030                                                           220522              220522      705147478151                                                                                                                       6011        10    VI                   00000000000000001470000000000000000000000                                                                                                                   061377                                       00   012                                             1                                                                                                                                                                                                                                                                                                                                                                                                                                                                                                                                                                                                                                                                                                                                                                                                                                                                                                                                                                                                                                                                                                                                                                                                                                                                                                                                                                                                                                                                                                                                                                                                                                                                                                                                                                                                                                                                                                                                                                               
                   01        417233288854475                       MERCHS5NL0002      S5NL0002                                                              5                         002100030                                                           220522              220522      705147478152                                                                                                                       4814        10    VI                   00000000000000002977000000000000000000000                                                                                                                   612707                                       00   012                                             1                                                                                                                                                                                                                                                                                                                                                                                                                                                                                                                                                                                                                                                                                                                                                                                                                                                                                                                                                                                                                                                                                                                                                                                                                                                                                                                                                                                                                                                                                                                                                                                                                                                                                                                                                                                                                                                                                                                                                                               
                   01        469919938739220                       MERCHS5NL0006      S5NL0006                                                              5                         002100030                                                           220522              220522      705147478153                                                                                                                       5411        10    VI                   00000000000000003705000000000000000000000                                                                                                                   219316                                       00   012                                             1                                                                                                                                                                                                                                                                                                                                                                                                                                                                                                                                                                                                                                                                                                                                                                                                                                                                                                                                                                                                                                                                                                                                                                                                                                                                                                                                                                                                                                                                                                                                                                                                                                                                                                                                                                                                                                                                                                                                                                               
                   01        434407797909303                       MERCHS5NL0002      S5NL0002                                                              5                         002100030                                                           220522              220522      705147478154                                                                                                                       5999        10    VI                   00000000000000002899000000000000000000000                                                                                                                   528849                                       00   012                                             1                                                                                                                                                                                                                                                                                                                                                                                                                                                                                                                                                                                                                                                                                                                                                                                                                                                                                                                                                                                                                                                                                                                                                                                                                                                                                                                                                                                                                                                                                                                                                                                                                                                                                                                                                                                                                                                                                                                                                                               
                   01        479658742791034                       MERCHS5NL0002      S5NL0002                                                              5                         002100030                                                           220522              220522      705147478155                                                                                                                       6011        10    VI                   00000000000000003874000000000000000000000                                                                                                                   624077                                       00   012                                             1                                                                                                                                                                                                                                                                                                                                                                                                                                                                                                                                                                                                                                                                                                                                                                                                                                                                                                                                                                                                                                                                                                                                                                                                                                                                                                                                                                                                                                                                                                                                                                                                                                                                                                                                                                                                                                                                                                                                                                               
                   01        411146907775090                       MERCHS5NL0003      S5NL0003                                                              5                         002100030                                                           220522              220522      705147478156                                                                                                                       5812        10    VI                   00000000000000002260000000000000000000000                                                                                                                   258354                                       00   012                                             1                                                                                                                                                                                                                                                                                                                                                                                                                                                                                                                                                                                                                                                                                                                                                                                                                                                                                                                                                                                                                                                                                                                                                                                                                                                                                                                                                                                                                                                                                                                                                                                                                                                                                                                                                                                                                                                                                                                                                                               
                   01        446482089335380                       MERCHS5NL0003      S5NL0003                                                              5                         002100030                                                           220522              220522      705147478157                                                                                                                       4722        10    VI                   00000000000000004920000000000000000000000                                                                                                                   373773                                       00   012                                             1                                                                                                                                                                                                                                                                                                                                                                                                                                                                                                                                                                                                                                                                                                                                                                                                                                                                                                                                                                                                                                                                                                                                                                                                                                                                                                                                                                                                                                                                                                                                                                                                                                                                                                                                                                                                                                                                                                                                                                               
                   01        439783414753191                       MERCHS5NL0003      S5NL0003                                                              5                         002100030                                                           220522              220522      705147478158                                                                                                                       6011        10    VI                   00000000000000003849000000000000000000000                                                                                                                   362578                                       00   012                                             1                                                                                                                                                                                                                                                                                                                                                                                                                                                                                                                                                                                                                                                                                                                                                                                                                                                                                                                                                                                                                                                                                                                                                                                                                                                                                                                                                                                                                                                                                                                                                                                                                                                                                                                                                                                                                                                                                                                                                                               
                   01        495302195619535                       MERCHS5NL0003      S5NL0003                                                              5                         002100030                                                           220522              220522      705147478159                                                                                                                       5812        10    VI                   00000000000000004453000000000000000000000                                                                                                                   936232                                       00   012                                             1                                                                                                                                                                                                                                                                                                                                                                                                                                                                                                                                                                                                                                                                                                                                                                                                                                                                                                                                                                                                                                                                                                                                                                                                                                                                                                                                                                                                                                                                                                                                                                                                                                                                                                                                                                                                                                                                                                                                                                               
                   01        448414352768855                       MERCHS5NL0005      S5NL0005                                                              5                         002100030                                                           220522              220522      705147478160                                                                                                                       6011        10    VI                   00000000000000003341000000000000000000000                                                                                                                   313033                                       00   012                                             1                                                                                                                                                                                                                                                                                                                                                                                                                                                                                                                                                                                                                                                                                                                                                                                                                                                                                                                                                                                                                                                                                                                                                                                                                                                                                                                                                                                                                                                                                                                                                                                                                                                                                                                                                                                                                                                                                                                                                                               
                   01        490656505052979                       MERCHS5NL0004      S5NL0004                                                              5                         002100030                                                           220522              220522      705147478161                                                                                                                       5999        10    VI                   00000000000000001990000000000000000000000                                                                                                                   927365                                       00   012                                             1                                                                                                                                                                                                                                                                                                                                                                                                                                                                                                                                                                                                                                                                                                                                                                                                                                                                                                                                                                                                                                                                                                                                                                                                                                                                                                                                                                                                                                                                                                                                                                                                                                                                                                                                                                                                                                                                                                                                                                               
                   01        486082133259449                       MERCHS5NL0004      S5NL0004                                                              5                         002100030                                                           220522              220522      705147478162                                                                                                                       6011        10    VI                   00000000000000001767000000000000000000000                                                                                                                   657491                                       00   012                                             1                                                                                                                                                                                                                                                                                                                                                                                                                                                                                                                                                                                                                                                                                                                                                                                                                                                                                                                                                                                                                                                                                                                                                                                                                                                                                                                                                                                                                                                                                                                                                                                                                                                                                                                                                                                                                                                                                                                                                                               
                   01        416020931194529                       MERCHS5NL0005      S5NL0005                                                              5                         002100030                                                           220522              220522      705147478163                                                                                                                       6011        10    VI                   00000000000000001901000000000000000000000                                                                                                                   968333                                       00   012                                             1                                                                                                                                                                                                                                                                                                                                                                                                                                                                                                                                                                                                                                                                                                                                                                                                                                                                                                                                                                                                                                                                                                                                                                                                                                                                                                                                                                                                                                                                                                                                                                                                                                                                                                                                                                                                                                                                                                                                                                               
                   01        453373116674292                       MERCHS5NL0002      S5NL0002                                                              5                         002100030                                                           220522              220522      705147478164                                                                                                                       4814        10    VI                   00000000000000004420000000000000000000000                                                                                                                   794116                                       00   012                                             1                                                                                                                                                                                                                                                                                                                                                                                                                                                                                                                                                                                                                                                                                                                                                                                                                                                                                                                                                                                                                                                                                                                                                                                                                                                                                                                                                                                                                                                                                                                                                                                                                                                                                                                                                                                                                                                                                                                                                                               
                   01        424247505683346                       MERCHS5NL0002      S5NL0002                                                              5                         002100030                                                           220522              220522      705147478165                                                                                                                       5812        10    VI                   00000000000000001479000000000000000000000                                                                                                                   220504                                       00   012                                             1                                                                                                                                                                                                                                                                                                                                                                                                                                                                                                                                                                                                                                                                                                                                                                                                                                                                                                                                                                                                                                                                                                                                                                                                                                                                                                                                                                                                                                                                                                                                                                                                                                                                                                                                                                                                                                                                                                                                                                               
                   01        461635894872108                       MERCHS5NL0001      S5NL0001                                                              5                         002100030                                                           220522              220522      705147478166                                                                                                                       4814        10    VI                   00000000000000004610000000000000000000000                                                                                                                   565154                                       00   012                                             1                                                                                                                                                                                                                                                                                                                                                                                                                                                                                                                                                                                                                                                                                                                                                                                                                                                                                                                                                                                                                                                                                                                                                                                                                                                                                                                                                                                                                                                                                                                                                                                                                                                                                                                                                                                                                                                                                                                                                                               
                   01        413137175390599                       MERCHS5NL0004      S5NL0004                                                              5                         002100030                                                           220522              220522      705147478167                                                                                                                       4814        10    VI                   00000000000000001835000000000000000000000                                                                                                                   754058                                       00   012                                             1                                                                                                                                                                                                                                                                                                                                                                                                                                                                                                                                                                                                                                                                                                                                                                                                                                                                                                                                                                                                                                                                                                                                                                                                                                                                                                                                                                                                                                                                                                                                                                                                                                                                                                                                                                                                                                                                                                                                                                               
                   01        491097857422401                       MERCHS5NL0002      S5NL0002                                                              5                         002100030                                                           220522              220522      705147478168                                                                                                                       4722        10    VI                   00000000000000001909000000000000000000000                                                                                                                   175972                                       00   012                                             1                                                                                                                                                                                                                                                                                                                                                                                                                                                                                                                                                                                                                                                                                                                                                                                                                                                                                                                                                                                                                                                                                                                                                                                                                                                                                                                                                                                                                                                                                                                                                                                                                                                                                                                                                                                                                                                                                                                                                                               
                   01        485188550638522                       MERCHS5NL0005      S5NL0005                                                              5                         002100030                                                           220522              220522      705147478169                                                                                                                       5411        10    VI                   00000000000000003667000000000000000000000                                                                                                                   639977                                       00   012                                             1                                                                                                                                                                                                                                                                                                                                                                                                                                                                                                                                                                                                                                                                                                                                                                                                                                                                                                                                                                                                                                                                                                                                                                                                                                                                                                                                                                                                                                                                                                                                                                                                                                                                                                                                                                                                                                                                                                                                                                               
                   01        423486949696582                       MERCHS5NL0006      S5NL0006                                                              5                         002100030                                                           220522              220522      705147478170                                                                                                                       5812        10    VI                   00000000000000004531000000000000000000000                                                                                                                   171631                                       00   012                                             1                                                                                                                                                                                                                                                                                                                                                                                                                                                                                                                                                                                                                                                                                                                                                                                                                                                                                                                                                                                                                                                                                                                                                                                                                                                                                                                                                                                                                                                                                                                                                                                                                                                                                                                                                                                                                                                                                                                                                                               
                   01        419668955985160                       MERCHS5NL0002      S5NL0002                                                              5                         002100030                                                           220522              220522      705147478171                                                                                                                       5812        10    VI                   00000000000000002076000000000000000000000                                                                                                                   323028                                       00   012                                             1                                                                                                                                                                                                                                                                                                                                                                                                                                                                                                                                                                                                                                                                                                                                                                                                                                                                                                                                                                                                                                                                                                                                                                                                                                                                                                                                                                                                                                                                                                                                                                                                                                                                                                                                                                                                                                                                                                                                                                               
                   01        423349848463820                       MERCHS5NL0005      S5NL0005                                                              5                         002100030                                                           220522              220522      705147478172                                                                                                                       6011        10    VI                   00000000000000004215000000000000000000000                                                                                                                   809353                                       00   012                                             1                                                                                                                                                                                                                                                                                                                                                                                                                                                                                                                                                                                                                                                                                                                                                                                                                                                                                                                                                                                                                                                                                                                                                                                                                                                                                                                                                                                                                                                                                                                                                                                                                                                                                                                                                                                                                                                                                                                                                                               
                   01        433518775258899                       MERCHS5NL0003      S5NL0003                                                              5                         002100030                                                           220522              220522      705147478173                                                                                                                       5411        10    VI                   00000000000000001011000000000000000000000                                                                                                                   122034                                       00   012                                             1                                                                                                                                                                                                                                                                                                                                                                                                                                                                                                                                                                                                                                                                                                                                                                                                                                                                                                                                                                                                                                                                                                                                                                                                                                                                                                                                                                                                                                                                                                                                                                                                                                                                                                                                                                                                                                                                                                                                                                               
                   01        402034974942388                       MERCHS5NL0001      S5NL0001                                                              5                         002100030                                                           220522              220522      705147478174                                                                                                                       5812        10    VI                   00000000000000004776000000000000000000000                                                                                                                   691319                                       00   012                                             1                                                                                                                                                                                                                                                                                                                                                                                                                                                                                                                                                                                                                                                                                                                                                                                                                                                                                                                                                                                                                                                                                                                                                                                                                                                                                                                                                                                                                                                                                                                                                                                                                                                                                                                                                                                                                                                                                                                                                                               
                   01        468084900963733                       MERCHS5NL0002      S5NL0002                                                              5                         002100030                                                           220522              220522      705147478175                                                                                                                       5812        10    VI                   00000000000000004282000000000000000000000                                                                                                                   128110                                       00   012                                             1                                                                                                                                                                                                                                                                                                                                                                                                                                                                                                                                                                                                                                                                                                                                                                                                                                                                                                                                                                                                                                                                                                                                                                                                                                                                                                                                                                                                                                                                                                                                                                                                                                                                                                                                                                                                                                                                                                                                                                               
                   01        400665246749670                       MERCHS5NL0001      S5NL0001                                                              5                         002100030                                                           220522              220522      705147478176                                                                                                                       5411        10    VI                   00000000000000003179000000000000000000000                                                                                                                   537727                                       00   012                                             1                                                                                                                                                                                                                                                                                                                                                                                                                                                                                                                                                                                                                                                                                                                                                                                                                                                                                                                                                                                                                                                                                                                                                                                                                                                                                                                                                                                                                                                                                                                                                                                                                                                                                                                                                                                                                                                                                                                                                                               
                   01        420634598432410                       MERCHS5NL0004      S5NL0004                                                              5                         002100030                                                           220522              220522      705147478177                                                                                                                       4814        10    VI                   00000000000000002586000000000000000000000                                                                                                                   524631                                       00   012                                             1                                                                                                                                                                                                                                                                                                                                                                                                                                                                                                                                                                                                                                                                                                                                                                                                                                                                                                                                                                                                                                                                                                                                                                                                                                                                                                                                                                                                                                                                                                                                                                                                                                                                                                                                                                                                                                                                                                                                                                               
                   01        466006191750623                       MERCHS5NL0006      S5NL0006                                                              5                         002100030                                                           220522              220522      705147478178                                                                                                                       6011        10    VI                   00000000000000004182000000000000000000000                                                                                                                   180960                                       00   012                                             1                                                                                                                                                                                                                                                                                                                                                                                                                                                                                                                                                                                                                                                                                                                                                                                                                                                                                                                                                                                                                                                                                                                                                                                                                                                                                                                                                                                                                                                                                                                                                                                                                                                                                                                                                                                                                                                                                                                                                                               
                   01        679041621098848                       MERCHS5NL0005      S5NL0005                                                              5                         002100030                                                           220522              220522      883066961170                                                                                                                       4814        10    RD                   00000000000000004350000000000000000000000                                                                                                                   771428                                       00   012                                             1                                                                                                                                                                                                                                                                                                                                                                                                                                                                                                                                                                                                                                                                                                                                                                                                                                                                                                                                                                                                                                                                                                                                                                                                                                                                                                                                                                                                                                                                                                                                                                                                                                                                                                                                                                                                                                                                                                                                                                               
                   01        691306891453006                       MERCHS5NL0002      S5NL0002                                                              5                         002100030                                                           220522              220522      883066961171                                                                                                                       5812        10    RD                   00000000000000002190000000000000000000000                                                                                                                   245772                                       00   012                                             1                                                                                                                                                                                                                                                                                                                                                                                                                                                                                                                                                                                                                                                                                                                                                                                                                                                                                                                                                                                                                                                                                                                                                                                                                                                                                                                                                                                                                                                                                                                                                                                                                                                                                                                                                                                                                                                                                                                                                                               
                   01        689726470948960                       MERCHS5NL0006      S5NL0006                                                              5                         002100030                                                           220522              220522      883066961172                                                                                                                       5999        10    RD                   00000000000000002147000000000000000000000                                                                                                                   988085                                       00   012                                             1                                                                                                                                                                                                                                                                                                                                                                                                                                                                                                                                                                                                                                                                                                                                                                                                                                                                                                                                                                                                                                                                                                                                                                                                                                                                                                                                                                                                                                                                                                                                                                                                                                                                                                                                                                                                                                                                                                                                                                               
                   01        685368075063752                       MERCHS5NL0003      S5NL0003                                                              5                         002100030                                                           220522              220522      883066961173                                                                                                                       5812        10    RD                   00000000000000004105000000000000000000000                                                                                                                   566661                                       00   012                                             1                                                                                                                                                                                                                                                                                                                                                                                                                                                                                                                                                                                                                                                                                                                                                                                                                                                                                                                                                                                                                                                                                                                                                                                                                                                                                                                                                                                                                                                                                                                                                                                                                                                                                                                                                                                                                                                                                                                                                                               
                   01        621520637665222                       MERCHS5NL0003      S5NL0003                                                              5                         002100030                                                           220522              220522      883066961174                                                                                                                       4814        10    RD                   00000000000000002965000000000000000000000                                                                                                                   884262                                       00   012                                             1                                                                                                                                                                                                                                                                                                                                                                                                                                                                                                                                                                                                                                                                                                                                                                                                                                                                                                                                                                                                                                                                                                                                                                                                                                                                                                                                                                                                                                                                                                                                                                                                                                                                                                                                                                                                                                                                                                                                                                               
                   01        688870119722958                       MERCHS5NL0005      S5NL0005                                                              5                         002100030                                                           220522              220522      883066961175                                                                                                                       5999        10    RD                   00000000000000003552000000000000000000000                                                                                                                   632372                                       00   012                                             1                                                                                                                                                                                                                                                                                                                                                                                                                                                                                                                                                                                                                                                                                                                                                                                                                                                                                                                                                                                                                                                                                                                                                                                                                                                                                                                                                                                                                                                                                                                                                                                                                                                                                                                                                                                                                                                                                                                                                                               
                   01        691962819760252                       MERCHS5NL0001      S5NL0001                                                              5                         002100030                                                           220522              220522      883066961176                                                                                                                       6011        10    RD                   00000000000000003098000000000000000000000                                                                                                                   807023                                       00   012                                             1                                                                                                                                                                                                                                                                                                                                                                                                                                                                                                                                                                                                                                                                                                                                                                                                                                                                                                                                                                                                                                                                                                                                                                                                                                                                                                                                                                                                                                                                                                                                                                                                                                                                                                                                                                                                                                                                                                                                                                               
                   01        676045860181946                       MERCHS5NL0004      S5NL0004                                                              5                         002100030                                                           220522              220522      883066961177                                                                                                                       5812        10    RD                   00000000000000002794000000000000000000000                                                                                                                   034550                                       00   012                                             1                                                                                                                                                                                                                                                                                                                                                                                                                                                                                                                                                                                                                                                                                                                                                                                                                                                                                                                                                                                                                                                                                                                                                                                                                                                                                                                                                                                                                                                                                                                                                                                                                                                                                                                                                                                                                                                                                                                                                                               
                   01        648356898850209                       MERCHS5NL0002      S5NL0002                                                              5                         002100030                                                           220522              220522      883066961178                                                                                                                       4814        10    RD                   00000000000000002514000000000000000000000                                                                                                                   296426                                       00   012                                             1                                                                                                                                                                                                                                                                                                                                                                                                                                                                                                                                                                                                                                                                                                                                                                                                                                                                                                                                                                                                                                                                                                                                                                                                                                                                                                                                                                                                                                                                                                                                                                                                                                                                                                                                                                                                                                                                                                                                                                               
                   01        615104504876578                       MERCHS5NL0006      S5NL0006                                                              5                         002100030                                                           220522              220522      883066961179                                                                                                                       5999        10    RD                   00000000000000002386000000000000000000000                                                                                                                   146806                                       00   012                                             1                                                                                                                                                                                                                                                                                                                                                                                                                                                                                                                                                                                                                                                                                                                                                                                                                                                                                                                                                                                                                                                                                                                                                                                                                                                                                                                                                                                                                                                                                                                                                                                                                                                                                                                                                                                                                                                                                                                                                                               
                   01        650244540836966                       MERCHS5NL0005      S5NL0005                                                              5                         002100030                                                           220522              220522      883066961180                                                                                                                       5999        10    RD                   00000000000000003863000000000000000000000                                                                                                                   776890                                       00   012                                             1                                                                                                                                                                                                                                                                                                                                                                                                                                                                                                                                                                                                                                                                                                                                                                                                                                                                                                                                                                                                                                                                                                                                                                                                                                                                                                                                                                                                                                                                                                                                                                                                                                                                                                                                                                                                                                                                                                                                                                               
                   01        609395444687159                       MERCHS5NL0006      S5NL0006                                                              5                         002100030                                                           220522              220522      883066961181                                                                                                                       5999        10    RD                   00000000000000004140000000000000000000000                                                                                                                   146236                                       00   012                                             1                                                                                                                                                                                                                                                                                                                                                                                                                                                                                                                                                                                                                                                                                                                                                                                                                                                                                                                                                                                                                                                                                                                                                                                                                                                                                                                                                                                                                                                                                                                                                                                                                                                                                                                                                                                                                                                                                                                                                                               
                   01        699338089781765                       MERCHS5NL0004      S5NL0004                                                              5                         002100030                                                           220522              220522      883066961182                                                                                                                       4814        10    RD                   00000000000000001979000000000000000000000                                                                                                                   178594                                       00   012                                             1                                                                                                                                                                                                                                                                                                                                                                                                                                                                                                                                                                                                                                                                                                                                                                                                                                                                                                                                                                                                                                                                                                                                                                                                                                                                                                                                                                                                                                                                                                                                                                                                                                                                                                                                                                                                                                                                                                                                                                               
                   01        656570203881154                       MERCHS5NL0002      S5NL0002                                                              5                         002100030                                                           220522              220522      883066961183                                                                                                                       4814        10    RD                   00000000000000004916000000000000000000000                                                                                                                   611071                                       00   012                                             1                                                                                                                                                                                                                                                                                                                                                                                                                                                                                                                                                                                                                                                                                                                                                                                                                                                                                                                                                                                                                                                                                                                                                                                                                                                                                                                                                                                                                                                                                                                                                                                                                                                                                                                                                                                                                                                                                                                                                                               
                   01        652483383687832                       MERCHS5NL0001      S5NL0001                                                              5                         002100030                                                           220522              220522      883066961184                                                                                                                       6011        10    RD                   00000000000000004820000000000000000000000                                                                                                                   164014                                       00   012                                             1                                                                                                                                                                                                                                                                                                                                                                                                                                                                                                                                                                                                                                                                                                                                                                                                                                                                                                                                                                                                                                                                                                                                                                                                                                                                                                                                                                                                                                                                                                                                                                                                                                                                                                                                                                                                                                                                                                                                                                               
                   01        683572221920836                       MERCHS5NL0003      S5NL0003                                                              5                         002100030                                                           220522              220522      883066961185                                                                                                                       5812        10    RD                   00000000000000003718000000000000000000000                                                                                                                   704501                                       00   012                                             1                                                                                                                                                                                                                                                                                                                                                                                                                                                                                                                                                                                                                                                                                                                                                                                                                                                                                                                                                                                                                                                                                                                                                                                                                                                                                                                                                                                                                                                                                                                                                                                                                                                                                                                                                                                                                                                                                                                                                                               
                   01        676212797502188                       MERCHS5NL0001      S5NL0001                                                              5                         002100030                                                           220522              220522      883066961186                                                                                                                       5411        10    RD                   00000000000000002164000000000000000000000                                                                                                                   834643                                       00   012                                             1                                                                                                                                                                                                                                                                                                                                                                                                                                                                                                                                                                                                                                                                                                                                                                                                                                                                                                                                                                                                                                                                                                                                                                                                                                                                                                                                                                                                                                                                                                                                                                                                                                                                                                                                                                                                                                                                                                                                                                               
                   01        682074792824780                       MERCHS5NL0004      S5NL0004                                                              5                         002100030                                                           220522              220522      883066961187                                                                                                                       4814        10    RD                   00000000000000003732000000000000000000000                                                                                                                   420196                                       00   012                                             1                                                                                                                                                                                                                                                                                                                                                                                                                                                                                                                                                                                                                                                                                                                                                                                                                                                                                                                                                                                                                                                                                                                                                                                                                                                                                                                                                                                                                                                                                                                                                                                                                                                                                                                                                                                                                                                                                                                                                                               
                   01        635675211267668                       MERCHS5NL0004      S5NL0004                                                              5                         002100030                                                           220522              220522      883066961188                                                                                                                       6011        10    RD                   00000000000000001379000000000000000000000                                                                                                                   152523                                       00   012                                             1                                                                                                                                                                                                                                                                                                                                                                                                                                                                                                                                                                                                                                                                                                                                                                                                                                                                                                                                                                                                                                                                                                                                                                                                                                                                                                                                                                                                                                                                                                                                                                                                                                                                                                                                                                                                                                                                                                                                                                               
                   01        613202736180748                       MERCHS5NL0004      S5NL0004                                                              5                         002100030                                                           220522              220522      883066961189                                                                                                                       5999        10    RD                   00000000000000003282000000000000000000000                                                                                                                   871166                                       00   012                                             1                                                                                                                                                                                                                                                                                                                                                                                                                                                                                                                                                                                                                                                                                                                                                                                                                                                                                                                                                                                                                                                                                                                                                                                                                                                                                                                                                                                                                                                                                                                                                                                                                                                                                                                                                                                                                                                                                                                                                                               
                   01        617068004053264                       MERCHS5NL0003      S5NL0003                                                              5                         002100030                                                           220522              220522      883066961190                                                                                                                       5999        10    RD                   00000000000000003341000000000000000000000                                                                                                                   015773                                       00   012                                             1                                                                                                                                                                                                                                                                                                                                                                                                                                                                                                                                                                                                                                                                                                                                                                                                                                                                                                                                                                                                                                                                                                                                                                                                                                                                                                                                                                                                                                                                                                                                                                                                                                                                                                                                                                                                                                                                                                                                                                               
                   01        605152828294829                       MERCHS5NL0005      S5NL0005                                                              5                         002100030                                                           220522              220522      883066961191                                                                                                                       4722        10    RD                   00000000000000002094000000000000000000000                                                                                                                   494490                                       00   012                                             1                                                                                                                                                                                                                                                                                                                                                                                                                                                                                                                                                                                                                                                                                                                                                                                                                                                                                                                                                                                                                                                                                                                                                                                                                                                                                                                                                                                                                                                                                                                                                                                                                                                                                                                                                                                                                                                                                                                                                                               
                   01        656905248375872                       MERCHS5NL0005      S5NL0005                                                              5                         002100030                                                           220522              220522      883066961192                                                                                                                       6011        10    RD                   00000000000000002716000000000000000000000                                                                                                                   314519                                       00   012                                             1                                                                                                                                                                                                                                                                                                                                                                                                                                                                                                                                                                                                                                                                                                                                                                                                                                                                                                                                                                                                                                                                                                                                                                                                                                                                                                                                                                                                                                                                                                                                                                                                                                                                                                                                                                                                                                                                                                                                                                               
                   01        695280405227754                       MERCHS5NL0003      S5NL0003                                                              5                         002100030                                                           220522              220522      883066961193                                                                                                                       6011        10    RD                   00000000000000002490000000000000000000000                                                                                                                   328604                                       00   012                                             1                                                                                                                                                                                                                                                                                                                                                                                                                                                                                                                                                                                                                                                                                                                                                                                                                                                                                                                                                                                                                                                                                                                                                                                                                                                                                                                                                                                                                                                                                                                                                                                                                                                                                                                                                                                                                                                                                                                                                                               
                   01        669902094233637                       MERCHS5NL0001      S5NL0001                                                              5                         002100030                                                           220522              220522      883066961194                                                                                                                       5999        10    RD                   00000000000000002209000000000000000000000                                                                                                                   011990                                       00   012                                             1                                                                                                                                                                                                                                                                                                                                                                                                                                                                                                                                                                                                                                                                                                                                                                                                                                                                                                                                                                                                                                                                                                                                                                                                                                                                                                                                                                                                                                                                                                                                                                                                                                                                                                                                                                                                                                                                                                                                                                               
                   01        689933253265389                       MERCHS5NL0002      S5NL0002                                                              5                         002100030                                                           220522              220522      883066961195                                                                                                                       6011        10    RD                   00000000000000003908000000000000000000000                                                                                                                   840574                                       00   012                                             1                                                                                                                                                                                                                                                                                                                                                                                                                                                                                                                                                                                                                                                                                                                                                                                                                                                                                                                                                                                                                                                                                                                                                                                                                                                                                                                                                                                                                                                                                                                                                                                                                                                                                                                                                                                                                                                                                                                                                                               
                   01        671767476463264                       MERCHS5NL0006      S5NL0006                                                              5                         002100030                                                           220522              220522      883066961196                                                                                                                       5999        10    RD                   00000000000000002141000000000000000000000                                                                                                                   257309                                       00   012                                             1                                                                                                                                                                                                                                                                                                                                                                                                                                                                                                                                                                                                                                                                                                                                                                                                                                                                                                                                                                                                                                                                                                                                                                                                                                                                                                                                                                                                                                                                                                                                                                                                                                                                                                                                                                                                                                                                                                                                                                               
                   01        699442423784903                       MERCHS5NL0003      S5NL0003                                                              5                         002100030                                                           220522              220522      883066961197                                                                                                                       6011        10    RD                   00000000000000001223000000000000000000000                                                                                                                   603020                                       00   012                                             1                                                                                                                                                                                                                                                                                                                                                                                                                                                                                                                                                                                                                                                                                                                                                                                                                                                                                                                                                                                                                                                                                                                                                                                                                                                                                                                                                                                                                                                                                                                                                                                                                                                                                                                                                                                                                                                                                                                                                                               
                   01        690305733592334                       MERCHS5NL0004      S5NL0004                                                              5                         002100030                                                           220522              220522      883066961198                                                                                                                       4722        10    RD                   00000000000000002190000000000000000000000                                                                                                                   248502                                       00   012                                             1                                                                                                                                                                                                                                                                                                                                                                                                                                                                                                                                                                                                                                                                                                                                                                                                                                                                                                                                                                                                                                                                                                                                                                                                                                                                                                                                                                                                                                                                                                                                                                                                                                                                                                                                                                                                                                                                                                                                                                               
                   01        668654993178901                       MERCHS5NL0003      S5NL0003                                                              5                         002100030                                                           220522              220522      883066961199                                                                                                                       4722        10    RD                   00000000000000004012000000000000000000000                                                                                                                   019706                                       00   012                                             1                                                                                                                                                                                                                                                                                                                                                                                                                                                                                                                                                                                                                                                                                                                                                                                                                                                                                                                                                                                                                                                                                                                                                                                                                                                                                                                                                                                                                                                                                                                                                                                                                                                                                                                                                                                                                                                                                                                                                                               
                   01        628492749617459                       MERCHS5NL0001      S5NL0001                                                              5                         002100030                                                           220522              220522      883066961200                                                                                                                       6011        10    RD                   00000000000000004555000000000000000000000                                                                                                                   309218                                       00   012                                             1                                                                                                                                                                                                                                                                                                                                                                                                                                                                                                                                                                                                                                                                                                                                                                                                                                                                                                                                                                                                                                                                                                                                                                                                                                                                                                                                                                                                                                                                                                                                                                                                                                                                                                                                                                                                                                                                                                                                                                               
                   01        698485802675769                       MERCHS5NL0005      S5NL0005                                                              5                         002100030                                                           220522              220522      883066961201                                                                                                                       6011        10    RD                   00000000000000003195000000000000000000000                                                                                                                   594104                                       00   012                                             1                                                                                                                                                                                                                                                                                                                                                                                                                                                                                                                                                                                                                                                                                                                                                                                                                                                                                                                                                                                                                                                                                                                                                                                                                                                                                                                                                                                                                                                                                                                                                                                                                                                                                                                                                                                                                                                                                                                                                                               
                   01        684994649101295                       MERCHS5NL0005      S5NL0005                                                              5                         002100030                                                           220522              220522      883066961202                                                                                                                       5999        10    RD                   00000000000000002677000000000000000000000                                                                                                                   850042                                       00   012                                             1                                                                                                                                                                                                                                                                                                                                                                                                                                                                                                                                                                                                                                                                                                                                                                                                                                                                                                                                                                                                                                                                                                                                                                                                                                                                                                                                                                                                                                                                                                                                                                                                                                                                                                                                                                                                                                                                                                                                                                               
                   01        677059667968548                       MERCHS5NL0004      S5NL0004                                                              5                         002100030                                                           220522              220522      883066961203                                                                                                                       5999        10    RD                   00000000000000001227000000000000000000000                                                                                                                   382758                                       00   012                                             1                                                                                                                                                                                                                                                                                                                                                                                                                                                                                                                                                                                                                                                                                                                                                                                                                                                                                                                                                                                                                                                                                                                                                                                                                                                                                                                                                                                                                                                                                                                                                                                                                                                                                                                                                                                                                                                                                                                                                                               
                   01        698512023033630                       MERCHS5NL0005      S5NL0005                                                              5                         002100030                                                           220522              220522      883066961204                                                                                                                       5812        10    RD                   00000000000000002570000000000000000000000                                                                                                                   689250                                       00   012                                             1                                                                                                                                                                                                                                                                                                                                                                                                                                                                                                                                                                                                                                                                                                                                                                                                                                                                                                                                                                                                                                                                                                                                                                                                                                                                                                                                                                                                                                                                                                                                                                                                                                                                                                                                                                                                                                                                                                                                                                               
                   01        630484213447643                       MERCHS5NL0003      S5NL0003                                                              5                         002100030                                                           220522              220522      883066961205                                                                                                                       6011        10    RD                   00000000000000002482000000000000000000000                                                                                                                   499012                                       00   012                                             1                                                                                                                                                                                                                                                                                                                                                                                                                                                                                                                                                                                                                                                                                                                                                                                                                                                                                                                                                                                                                                                                                                                                                                                                                                                                                                                                                                                                                                                                                                                                                                                                                                                                                                                                                                                                                                                                                                                                                                               
                   01        673858915736308                       MERCHS5NL0002      S5NL0002                                                              5                         002100030                                                           220522              220522      883066961206                                                                                                                       5812        10    RD                   00000000000000004408000000000000000000000                                                                                                                   376385                                       00   012                                             1                                                                                                                                                                                                                                                                                                                                                                                                                                                                                                                                                                                                                                                                                                                                                                                                                                                                                                                                                                                                                                                                                                                                                                                                                                                                                                                                                                                                                                                                                                                                                                                                                                                                                                                                                                                                                                                                                                                                                                               
                   01        609649597778664                       MERCHS5NL0006      S5NL0006                                                              5                         002100030                                                           220522              220522      883066961207                                                                                                                       6011        10    RD                   00000000000000003804000000000000000000000                                                                                                                   304023                                       00   012                                             1                                                                                                                                                                                                                                                                                                                                                                                                                                                                                                                                                                                                                                                                                                                                                                                                                                                                                                                                                                                                                                                                                                                                                                                                                                                                                                                                                                                                                                                                                                                                                                                                                                                                                                                                                                                                                                                                                                                                                                               
                   01        683828046624494                       MERCHS5NL0004      S5NL0004                                                              5                         002100030                                                           220522              220522      883066961208                                                                                                                       5411        10    RD                   00000000000000004975000000000000000000000                                                                                                                   441787                                       00   012                                             1                                                                                                                                                                                                                                                                                                                                                                                                                                                                                                                                                                                                                                                                                                                                                                                                                                                                                                                                                                                                                                                                                                                                                                                                                                                                                                                                                                                                                                                                                                                                                                                                                                                                                                                                                                                                                                                                                                                                                                               
                   01        683741650049413                       MERCHS5NL0006      S5NL0006                                                              5                         002100030                                                           220522              220522      883066961209                                                                                                                       5999        10    RD                   00000000000000003326000000000000000000000                                                                                                                   107210                                       00   012                                             1                                                                                                                                                                                                                                                                                                                                                                                                                                                                                                                                                                                                                                                                                                                                                                                                                                                                                                                                                                                                                                                                                                                                                                                                                                                                                                                                                                                                                                                                                                                                                                                                                                                                                                                                                                                                                                                                                                                                                                               
                   01        683001035151732                       MERCHS5NL0003      S5NL0003                                                              5                         002100030                                                           220522              220522      883066961210                                                                                                                       6011        10    RD                   00000000000000001967000000000000000000000                                                                                                                   908639                                       00   012                                             1                                                                                                                                                                                                                                                                                                                                                                                                                                                                                                                                                                                                                                                                                                                                                                                                                                                                                                                                                                                                                                                                                                                                                                                                                                                                                                                                                                                                                                                                                                                                                                                                                                                                                                                                                                                                                                                                                                                                                                               
                   01        662470811529056                       MERCHS5NL0003      S5NL0003                                                              5                         002100030                                                           220522              220522      883066961211                                                                                                                       5999        10    RD                   00000000000000004345000000000000000000000                                                                                                                   214048                                       00   012                                             1                                                                                                                                                                                                                                                                                                                                                                                                                                                                                                                                                                                                                                                                                                                                                                                                                                                                                                                                                                                                                                                                                                                                                                                                                                                                                                                                                                                                                                                                                                                                                                                                                                                                                                                                                                                                                                                                                                                                                                               
                   01        694332829564256                       MERCHS5NL0004      S5NL0004                                                              5                         002100030                                                           220522              220522      883066961212                                                                                                                       4814        10    RD                   00000000000000004989000000000000000000000                                                                                                                   636739                                       00   012                                             1                                                                                                                                                                                                                                                                                                                                                                                                                                                                                                                                                                                                                                                                                                                                                                                                                                                                                                                                                                                                                                                                                                                                                                                                                                                                                                                                                                                                                                                                                                                                                                                                                                                                                                                                                                                                                                                                                                                                                                               
                   01        674703766604062                       MERCHS5NL0002      S5NL0002                                                              5                         002100030                                                           220522              220522      883066961213                                                                                                                       5812        10    RD                   00000000000000004302000000000000000000000                                                                                                                   073302                                       00   012                                             1                                                                                                                                                                                                                                                                                                                                                                                                                                                                                                                                                                                                                                                                                                                                                                                                                                                                                                                                                                                                                                                                                                                                                                                                                                                                                                                                                                                                                                                                                                                                                                                                                                                                                                                                                                                                                                                                                                                                                                               
                   01        604039336354236                       MERCHS5NL0003      S5NL0003                                                              5                         002100030                                                           220522              220522      883066961214                                                                                                                       5999        10    RD                   00000000000000004586000000000000000000000                                                                                                                   603112                                       00   012                                             1                                                                                                                                                                                                                                                                                                                                                                                                                                                                                                                                                                                                                                                                                                                                                                                                                                                                                                                                                                                                                                                                                                                                                                                                                                                                                                                                                                                                                                                                                                                                                                                                                                                                                                                                                                                                                                                                                                                                                                               
                   01        621402266022841                       MERCHS5NL0002      S5NL0002                                                              5                         002100030                                                           220522              220522      883066961215                                                                                                                       5999        10    RD                   00000000000000002478000000000000000000000                                                                                                                   252039                                       00   012                                             1                                                                                                                                                                                                                                                                                                                                                                                                                                                                                                                                                                                                                                                                                                                                                                                                                                                                                                                                                                                                                                                                                                                                                                                                                                                                                                                                                                                                                                                                                                                                                                                                                                                                                                                                                                                                                                                                                                                                                                               
                   01        600813330324040                       MERCHS5NL0006      S5NL0006                                                              5                         002100030                                                           220522              220522      883066961216                                                                                                                       4814        10    RD                   00000000000000003786000000000000000000000                                                                                                                   114548                                       00   012                                             1                                                                                                                                                                                                                                                                                                                                                                                                                                                                                                                                                                                                                                                                                                                                                                                                                                                                                                                                                                                                                                                                                                                                                                                                                                                                                                                                                                                                                                                                                                                                                                                                                                                                                                                                                                                                                                                                                                                                                                               
                   01        656886883393868                       MERCHS5NL0001      S5NL0001                                                              5                         002100030                                                           220522              220522      883066961217                                                                                                                       4814        10    RD                   00000000000000003464000000000000000000000                                                                                                                   715565                                       00   012                                             1                                                                                                                                                                                                                                                                                                                                                                                                                                                                                                                                                                                                                                                                                                                                                                                                                                                                                                                                                                                                                                                                                                                                                                                                                                                                                                                                                                                                                                                                                                                                                                                                                                                                                                                                                                                                                                                                                                                                                                               
                   01        646550218739611                       MERCHS5NL0004      S5NL0004                                                              5                         002100030                                                           220522              220522      883066961218                                                                                                                       5812        10    RD                   00000000000000002662000000000000000000000                                                                                                                   780836                                       00   012                                             1                                                                                                                                                                                                                                                                                                                                                                                                                                                                                                                                                                                                                                                                                                                                                                                                                                                                                                                                                                                                                                                                                                                                                                                                                                                                                                                                                                                                                                                                                                                                                                                                                                                                                                                                                                                                                                                                                                                                                                               
                   01        696608351399253                       MERCHS5NL0006      S5NL0006                                                              5                         002100030                                                           220522              220522      883066961219                                                                                                                       5999        10    RD                   00000000000000001699000000000000000000000                                                                                                                   965744                                       00   012                                             1                                                                                                                                                                                                                                                                                                                                                                                                                                                                                                                                                                                                                                                                                                                                                                                                                                                                                                                                                                                                                                                                                                                                                                                                                                                                                                                                                                                                                                                                                                                                                                                                                                                                                                                                                                                                                                                                                                                                                                               
